{
  "total_executions": 5,
  "total_epochs_trained": 213,
  "all_losses": [
    1.1708450089343347,
    0.261044348346252,
    0.11118385306148165,
    0.06563550704928853,
    0.045174597280025965,
    0.033824908087725244,
    0.026778850628712686,
    0.02201150247163748,
    0.018592972209650182,
    0.016036330220693486,
    1.8987098844299382,
    0.8005164939152765,
    0.3556542976301335,
    0.19042219403544158,
    0.11991697566161161,
    0.0838716646826437,
    0.06301659303897506,
    0.0496820080877098,
    0.040534087585628625,
    0.03395933489955118,
    0.029067044224226936,
    0.025303275069546768,
    0.022307998450750707,
    0.019891412741593475,
    0.01789943987488518,
    0.016246095004219967,
    0.014844266542332216,
    0.013646434558944643,
    0.01260842130353443,
    0.011712367348945395,
    0.01092039960448421,
    0.010221337088917546,
    0.009596788909361428,
    0.009040480727583528,
    0.008540806877660193,
    0.008089196807924427,
    0.007677179695411993,
    0.007303267925398807,
    0.006960952513626256,
    0.006646496258881368,
    0.006357107790638639,
    0.006090582884471014,
    0.005844016551423897,
    0.005613810201485112,
    0.0053998950682352265,
    0.005201044000232794,
    0.005015377904327458,
    0.004841812360257819,
    0.004678207362362188,
    0.004525029680041499,
    0.004380545437510815,
    0.004244122386945476,
    0.004116529271092691,
    0.003994177274480465,
    0.0038793075784545415,
    0.0037697837265610263,
    0.003666200166597122,
    0.0035676182443090338,
    0.003473118656064196,
    0.0033838539073683693,
    0.0032982807473004245,
    0.003216774285895005,
    0.0031390512927851003,
    0.003064573780621217,
    0.002993277743468059,
    0.0029252769897353077,
    0.002859741368257997,
    0.0027971543745745784,
    0.002736500249047104,
    0.00267861375286896,
    0.002623146989440526,
    0.0025695634265934996,
    0.0025177447622858696,
    0.0024680256000931527,
    0.0024202396444904664,
    0.0023739516368103198,
    0.002329171309988435,
    0.002286161255185824,
    0.002244509371141324,
    0.002204337469959392,
    0.002165374541606967,
    0.002127662183494493,
    0.002091214633975878,
    0.002055741109558291,
    0.0020215932258987337,
    0.00198832621267485,
    0.0019559795670748004,
    0.001924754757459091,
    0.0018943441602667145,
    0.0018648273115181194,
    0.0018361725406092313,
    0.0018083079878816952,
    0.0017811991020293357,
    0.0017548026187603767,
    0.0017292517696266582,
    0.0017042762166432932,
    0.0016799734959377125,
    0.0016562800765660532,
    0.0016333027619229324,
    0.0016108771812101297,
    0.0015889297097378347,
    0.0015675395839505656,
    0.0015469560176730602,
    0.0015265227633898162,
    0.001506766401927826,
    0.0014874650440046158,
    0.0014685072684015475,
    0.001450047172287095,
    0.0014320648623845121,
    0.00141438953634992,
    0.0013971387576126838,
    0.001380290557946898,
    0.0013638226228554465,
    0.0013477513277422614,
    0.001332028401583762,
    0.0013165726837527278,
    0.0013015154314209834,
    0.0012867767722794736,
    0.0012722973812187425,
    0.0012580779453606628,
    0.0012442315030491199,
    0.0012306913190701227,
    0.001217381103856407,
    0.0012043253293590255,
    0.0011914944681819934,
    0.0011790082663358664,
    0.0011667114812140551,
    0.0011546760908859443,
    0.0011428052374743687,
    0.0011312413984898733,
    0.001119835367275716,
    0.0011086812972990804,
    0.001097676476339964,
    0.00108691601680931,
    0.00107635517960199,
    0.0010660033244871549,
    0.001055778055821881,
    0.0010457878035263276,
    0.001035939184205104,
    0.001026266704213764,
    0.001016747327338888,
    0.0010074161826604373,
    0.0009982560559030835,
    0.000989206394993198,
    0.000980312683322638,
    0.0009715983502344102,
    0.000963026956111604,
    0.0009546051667205901,
    0.0009462729922466617,
    0.0009381103897906912,
    0.000930055805598287,
    0.0009221298187072234,
    0.0009143945572497128,
    0.0009066861990105307,
    0.0008991627039064184,
    0.0008917194311039853,
    0.0008844266161488669,
    0.0008772399127226538,
    0.00087011114942529,
    0.0008631414191326804,
    0.0008562482426457491,
    0.0008494619176782357,
    0.0008427906120982579,
    0.0008361999429576694,
    0.0008297049760715633,
    0.0008233332353874406,
    0.0008170184535311338,
    0.0008108291611097877,
    0.0008046649481019642,
    0.000798629328575234,
    0.0007926990115148603,
    0.0007868332366748826,
    0.0007810178371938049,
    0.000775309482850028,
    0.0007696935105452087,
    0.0007641312820813408,
    0.0007586277650589432,
    0.0007532306704660018,
    0.0007478923911668118,
    0.0007426366713474285,
    0.0007374360630784745,
    0.0007323012122579732,
    0.0007272495786496883,
    0.0007222337532128402,
    0.0007173211949667491,
    0.0007124418740009375,
    0.0007076141137025007,
    0.0007028709855236384,
    0.0006981735981141478,
    0.0006935365293153457,
    0.0006889626699915318,
    0.0006844424517526589,
    0.0006799745193250156,
    0.0006755555501853605,
    0.0006712151749087094,
    0.0006669079158965925,
    0.0006626486916990749,
    0.0006584371776237523,
    0.0006542927565893763,
    0.000650190120764195,
    0.0006461151177436601,
    0.0006420925219394028,
    0.0006381698685242486,
    0.0006342257766155073,
    0.0006303647030786209,
    0.0006265470542990486,
    0.0006227476380318654,
    0.0006190051384141903,
    0.0006153137475256608,
    0.0006116409807080513,
    0.0006080138805805437,
    0.00060443183206326,
    0.0006008914179474722
  ],
  "all_accuracies": [
    0.735,
    1.0,
    1.0,
    1.0,
    1.0,
    1.0,
    1.0,
    1.0,
    1.0,
    1.0,
    0.37625,
    0.89625,
    0.9925,
    1.0,
    1.0,
    1.0,
    1.0,
    1.0,
    1.0,
    1.0,
    1.0,
    1.0,
    1.0,
    1.0,
    1.0,
    1.0,
    1.0,
    1.0,
    1.0,
    1.0,
    1.0,
    1.0,
    1.0,
    1.0,
    1.0,
    1.0,
    1.0,
    1.0,
    1.0,
    1.0,
    1.0,
    1.0,
    1.0,
    1.0,
    1.0,
    1.0,
    1.0,
    1.0,
    1.0,
    1.0,
    1.0,
    1.0,
    1.0,
    1.0,
    1.0,
    1.0,
    1.0,
    1.0,
    1.0,
    1.0,
    1.0,
    1.0,
    1.0,
    1.0,
    1.0,
    1.0,
    1.0,
    1.0,
    1.0,
    1.0,
    1.0,
    1.0,
    1.0,
    1.0,
    1.0,
    1.0,
    1.0,
    1.0,
    1.0,
    1.0,
    1.0,
    1.0,
    1.0,
    1.0,
    1.0,
    1.0,
    1.0,
    1.0,
    1.0,
    1.0,
    1.0,
    1.0,
    1.0,
    1.0,
    1.0,
    1.0,
    1.0,
    1.0,
    1.0,
    1.0,
    1.0,
    1.0,
    1.0,
    1.0,
    1.0,
    1.0,
    1.0,
    1.0,
    1.0,
    1.0,
    1.0,
    1.0,
    1.0,
    1.0,
    1.0,
    1.0,
    1.0,
    1.0,
    1.0,
    1.0,
    1.0,
    1.0,
    1.0,
    1.0,
    1.0,
    1.0,
    1.0,
    1.0,
    1.0,
    1.0,
    1.0,
    1.0,
    1.0,
    1.0,
    1.0,
    1.0,
    1.0,
    1.0,
    1.0,
    1.0,
    1.0,
    1.0,
    1.0,
    1.0,
    1.0,
    1.0,
    1.0,
    1.0,
    1.0,
    1.0,
    1.0,
    1.0,
    1.0,
    1.0,
    1.0,
    1.0,
    1.0,
    1.0,
    1.0,
    1.0,
    1.0,
    1.0,
    1.0,
    1.0,
    1.0,
    1.0,
    1.0,
    1.0,
    1.0,
    1.0,
    1.0,
    1.0,
    1.0,
    1.0,
    1.0,
    1.0,
    1.0,
    1.0,
    1.0,
    1.0,
    1.0,
    1.0,
    1.0,
    1.0,
    1.0,
    1.0,
    1.0,
    1.0,
    1.0,
    1.0,
    1.0,
    1.0,
    1.0,
    1.0,
    1.0,
    1.0,
    1.0,
    1.0,
    1.0,
    1.0,
    1.0,
    1.0,
    1.0,
    1.0,
    1.0,
    1.0,
    1.0,
    1.0,
    1.0,
    1.0,
    1.0,
    1.0,
    1.0
  ],
  "execution_history": [
    {
      "execution_number": 1,
      "epochs_in_run": 5,
      "initial_loss": 1.1708450089343347,
      "final_loss": 0.045174597280025965,
      "final_accuracy": 1.0,
      "val_final_accuracy": 1.0,
      "total_time": 60.73566389083862,